{"model":{"version":3,"nodes":[{"name":"RootNode","position":[0,0,0],"rotation":[0,0,0],"scale":[0.01,0.01,0.01],"scaleCompensation":false},{"name":"coin_small1","position":[0,0,0],"rotation":[0,0,0],"scale":[1,1,1],"scaleCompensation":false}],"parents":[-1,0],"skins":[],"morphs":[],"vertices":[{"position":{"type":"float32","components":3,"data":[1.22353,0.121,-0.279263,1.22353,-0.121,-0.279263,1.13071,0.121,-0.544524,1.13071,-0.121,-0.544524,0.981197,0.121,-0.782479,0.981197,-0.121,-0.782479,0.782479,0.121,-0.981198,0.782479,-0.121,-0.981198,0.544523,-0.121,-1.13072,0.544523,0.121,-1.13072,0.279263,-0.121,-1.22353,0.279263,0.121,-1.22353,-4.76837e-07,-0.121,-1.255,-4.76837e-07,0.121,-1.255,-0.279264,-0.121,-1.22353,-0.279264,0.121,-1.22353,-0.544524,0.121,-1.13072,-0.544524,-0.121,-1.13072,-0.78248,0.121,-0.981198,-0.78248,-0.121,-0.981198,-0.981199,-0.121,-0.782479,-0.981199,0.121,-0.782479,-1.13072,0.121,-0.544524,-1.13072,-0.121,-0.544524,-1.22353,0.121,-0.279263,-1.22353,-0.121,-0.279263,-1.255,0.121,0,-1.255,-0.121,0,-1.22353,0.121,0.279263,-1.22353,-0.121,0.279263,-1.13072,0.121,0.544524,-1.13072,-0.121,0.544524,-0.981199,0.121,0.782479,-0.981199,-0.121,0.782479,-0.78248,0.121,0.981198,-0.78248,-0.121,0.981198,-0.544525,0.121,1.13072,-0.544525,-0.121,1.13072,-0.279264,0.121,1.22353,-0.279264,-0.121,1.22353,-4.76837e-07,0.121,1.255,-4.76837e-07,-0.121,1.255,0.279263,0.121,1.22353,0.279263,-0.121,1.22353,0.544524,0.121,1.13072,0.544524,-0.121,1.13072,0.782479,0.121,0.981198,0.782479,-0.121,0.981198,0.981198,0.121,0.78248,0.981198,-0.121,0.78248,1.13072,0.121,0.544524,1.13072,-0.121,0.544524,1.22353,0.121,0.279264,1.22353,-0.121,0.279264,1.255,0.121,0,1.255,-0.121,0,1.22353,0.121,-0.279263,1.22353,-0.121,-0.279263,1.13071,-0.121,-0.544524,1.22353,-0.121,-0.279263,-4.76837e-07,-0.121,0,0.981197,-0.121,-0.782479,0.782479,-0.121,-0.981198,0.544523,-0.121,-1.13072,0.279263,-0.121,-1.22353,-4.76837e-07,-0.121,-1.255,-0.279264,-0.121,-1.22353,-0.544524,-0.121,-1.13072,-0.78248,-0.121,-0.981198,-0.981199,-0.121,-0.782479,-1.13072,-0.121,-0.544524,-1.22353,-0.121,-0.279263,-1.255,-0.121,0,-1.22353,-0.121,0.279263,-1.13072,-0.121,0.544524,-0.981199,-0.121,0.782479,-0.78248,-0.121,0.981198,-0.544525,-0.121,1.13072,-0.279264,-0.121,1.22353,-4.76837e-07,-0.121,1.255,0.279263,-0.121,1.22353,0.544524,-0.121,1.13072,0.782479,-0.121,0.981198,0.981198,-0.121,0.78248,1.13072,-0.121,0.544524,1.22353,-0.121,0.279264,1.255,-0.121,0,1.22353,0.121,-0.279263,1.13071,0.121,-0.544524,-4.76837e-07,0.121,0,0.981197,0.121,-0.782479,0.782479,0.121,-0.981198,0.544523,0.121,-1.13072,0.279263,0.121,-1.22353,-4.76837e-07,0.121,-1.255,-0.279264,0.121,-1.22353,-0.544524,0.121,-1.13072,-0.78248,0.121,-0.981198,-0.981199,0.121,-0.782479,-1.13072,0.121,-0.544524,-1.22353,0.121,-0.279263,-1.255,0.121,0,-1.22353,0.121,0.279263,-1.13072,0.121,0.544524,-0.981199,0.121,0.782479,-0.78248,0.121,0.981198,-0.544525,0.121,1.13072,-0.279264,0.121,1.22353,-4.76837e-07,0.121,1.255,0.279263,0.121,1.22353,0.544524,0.121,1.13072,0.782479,0.121,0.981198,0.981198,0.121,0.78248,1.13072,0.121,0.544524,1.22353,0.121,0.279264,1.255,0.121,0]},"normal":{"type":"float32","components":3,"data":[0.974928,0,-0.222522,0.974928,0,-0.222522,0.900969,0,-0.433884,0.900969,0,-0.433884,0.781832,0,-0.62349,0.781832,0,-0.62349,0.62349,0,-0.781831,0.62349,0,-0.781831,0.433884,0,-0.900969,0.433884,0,-0.900969,0.222521,0,-0.974928,0.222521,0,-0.974928,0,0,-1,0,0,-1,-0.222521,0,-0.974928,-0.222521,0,-0.974928,-0.433884,0,-0.900969,-0.433884,0,-0.900969,-0.62349,0,-0.781832,-0.62349,0,-0.781832,-0.781831,0,-0.62349,-0.781831,0,-0.62349,-0.900969,0,-0.433884,-0.900969,0,-0.433884,-0.974928,0,-0.222521,-0.974928,0,-0.222521,-1,0,0,-1,0,0,-0.974928,0,0.222521,-0.974928,0,0.222521,-0.900969,0,0.433883,-0.900969,0,0.433883,-0.781832,0,0.623489,-0.781832,0,0.623489,-0.62349,0,0.781831,-0.62349,0,0.781831,-0.433884,0,0.900969,-0.433884,0,0.900969,-0.22252,0,0.974928,-0.22252,0,0.974928,0,0,1,0,0,1,0.22252,0,0.974928,0.22252,0,0.974928,0.433884,0,0.900969,0.433884,0,0.900969,0.62349,0,0.781831,0.62349,0,0.781831,0.781831,0,0.62349,0.781831,0,0.62349,0.900969,0,0.433884,0.900969,0,0.433884,0.974928,0,0.222521,0.974928,0,0.222521,1,0,-8.55372e-07,1,0,-8.55372e-07,0.974928,0,-0.222522,0.974928,0,-0.222522,0,-1,-2.12585e-08,0,-1,0,0,-1,-4.5554e-09,0,-1,3.47486e-15,0,-1,-3.47486e-15,0,-1,-2.12585e-08,0,-1,0,0,-1,0,0,-1,0,0,-1,0,0,-1,2.12585e-08,0,-1,2.12585e-08,0,-1,0,0,-1,0,0,-1,0,0,-1,0,0,-1,0,0,-1,0,0,-1,-2.12585e-08,0,-1,-2.12585e-08,0,-1,0,0,-1,0,0,-1,2.12585e-08,0,-1,8.68713e-15,0,-1,-2.12585e-08,0,-1,0,0,-1,0,0,-1,-4.25169e-08,0,-1,-4.25169e-08,0,1,0,0,1,0,0,1,-3.79616e-09,0,1,2.12585e-08,0,1,2.12585e-08,0,1,0,0,1,0,0,1,0,0,1,0,0,1,-2.12585e-08,0,1,5.21229e-15,0,1,-5.21229e-15,0,1,-2.12585e-08,0,1,0,0,1,0,0,1,0,0,1,0,0,1,0,0,1,-2.12585e-08,0,1,-2.12585e-08,0,1,0,0,1,0,0,1,1.06292e-08,0,1,-1.06292e-08,0,1,-2.12585e-08,0,1,2.12585e-08,0,1,2.12585e-08,0,1,-4.25169e-08,0,1,-4.25169e-08]},"texCoord0":{"type":"float32","components":2,"data":[0.775145,0.488777,0.775145,0.474308,0.78171,0.488777,0.78171,0.474308,0.788275,0.488777,0.788275,0.474308,0.79484,0.488777,0.79484,0.474308,0.801405,0.474308,0.801405,0.488777,0.807971,0.474308,0.807971,0.488777,0.814536,0.474308,0.814536,0.488777,0.821101,0.474308,0.821101,0.488777,0.827666,0.488777,0.827666,0.474308,0.834231,0.488777,0.834231,0.474308,0.840796,0.474308,0.840796,0.488777,0.847362,0.488777,0.847362,0.474308,0.853927,0.488777,0.853927,0.474308,0.860492,0.488777,0.860492,0.474308,0.867057,0.488777,0.867057,0.474308,0.873622,0.488777,0.873622,0.474308,0.880187,0.488777,0.880187,0.474308,0.886753,0.488777,0.886753,0.474308,0.893318,0.488777,0.893318,0.474308,0.899883,0.488777,0.899883,0.474308,0.906448,0.488777,0.906448,0.474308,0.913013,0.488777,0.913013,0.474308,0.919579,0.488777,0.919579,0.474308,0.926144,0.488777,0.926144,0.474308,0.932709,0.488777,0.932709,0.474308,0.939274,0.488777,0.939274,0.474308,0.945839,0.488777,0.945839,0.474308,0.952404,0.488777,0.952404,0.474308,0.95897,0.488777,0.95897,0.474308,0.973203,0.573584,0.9817,0.597867,0.86969,0.618837,0.959515,0.5518,0.941323,0.533608,0.91954,0.51992,0.895256,0.511423,0.86969,0.508542,0.844125,0.511423,0.819841,0.51992,0.798057,0.533608,0.779866,0.5518,0.766178,0.573584,0.757681,0.597867,0.7548,0.623433,0.757681,0.648998,0.766178,0.673282,0.779866,0.695066,0.798057,0.713258,0.819841,0.726945,0.844125,0.735443,0.86969,0.738323,0.895256,0.735443,0.91954,0.726945,0.941323,0.713258,0.959515,0.695066,0.973203,0.673282,0.9817,0.648998,0.984581,0.623433,0.9817,0.891186,0.973203,0.91547,0.86969,0.861025,0.959515,0.937254,0.941323,0.955445,0.91954,0.969133,0.895256,0.97763,0.86969,0.980511,0.844125,0.97763,0.819841,0.969133,0.798057,0.955445,0.779866,0.937254,0.766178,0.91547,0.757681,0.891186,0.7548,0.86562,0.757681,0.840055,0.766178,0.815771,0.779866,0.793988,0.798057,0.775796,0.819841,0.762108,0.844125,0.753611,0.86969,0.75073,0.895256,0.753611,0.91954,0.762108,0.941323,0.775796,0.959515,0.793988,0.973203,0.815771,0.9817,0.840055,0.984581,0.86562]}}],"meshes":[{"aabb":{"min":[-1.255,-0.121,-1.255],"max":[1.255,0.121,1.255]},"vertices":0,