{"model":{"version":3,"nodes":[{"name":"RootNode","position":[0,0,0],"rotation":[0,0,0],"scale":[0.01,0.01,0.01],"scaleCompensation":false},{"name":"coin4_big2","position":[0,0,0],"rotation":[0,0,0],"scale":[1,1,1],"scaleCompensation":false}],"parents":[-1,0],"skins":[],"morphs":[],"vertices":[{"position":{"type":"float32","components":3,"data":[1.8568,0.183983,-0.423803,1.8568,-0.183983,-0.423803,1.71594,0.183983,-0.826355,1.71594,-0.183983,-0.826355,1.48904,0.183983,-1.18747,1.48904,-0.183983,-1.18747,1.18747,0.183983,-1.48904,1.18747,-0.183983,-1.48904,0.826355,-0.183983,-1.71594,0.826355,0.183983,-1.71594,0.423803,0.183983,-1.8568,0.423803,-0.183983,-1.8568,8.51402e-08,-0.183983,-1.90455,8.51402e-08,0.183983,-1.90455,-0.423803,0.183983,-1.8568,-0.423803,-0.183983,-1.8568,-0.826355,0.183983,-1.71594,-0.826355,-0.183983,-1.71594,-1.18747,0.183983,-1.48904,-1.18747,-0.183983,-1.48904,-1.48904,-0.183983,-1.18747,-1.48904,0.183983,-1.18747,-1.71594,0.183983,-0.826355,-1.71594,-0.183983,-0.826355,-1.8568,0.183983,-0.423803,-1.8568,-0.183983,-0.423803,-1.90455,0.183983,-8.51402e-08,-1.90455,-0.183983,-8.51402e-08,-1.8568,0.183983,0.423803,-1.8568,-0.183983,0.423803,-1.71594,0.183983,0.826355,-1.71594,-0.183983,0.826355,-1.48904,0.183983,1.18747,-1.48904,-0.183983,1.18747,-1.18747,0.183983,1.48904,-1.18747,-0.183983,1.48904,-0.826355,0.183983,1.71594,-0.826355,-0.183983,1.71594,-0.423803,0.183983,1.8568,-0.423803,-0.183983,1.8568,-2.83801e-08,0.183983,1.90455,-2.83801e-08,-0.183983,1.90455,0.423803,0.183983,1.8568,0.423803,-0.183983,1.8568,0.826355,0.183983,1.71594,0.826355,-0.183983,1.71594,1.18747,0.183983,1.48904,1.18747,-0.183983,1.48904,1.48904,0.183983,1.18747,1.48904,-0.183983,1.18747,1.71594,0.183983,0.826355,1.71594,-0.183983,0.826355,1.8568,0.183983,0.423803,1.8568,-0.183983,0.423803,1.90455,0.183983,6.60775e-18,1.90455,-0.183983,6.60775e-18,1.8568,0.183983,-0.423803,1.8568,-0.183983,-0.423803,1.71594,-0.183983,-0.826355,1.8568,-0.183983,-0.423803,-7.93016e-18,-0.183983,7.93016e-18,1.48904,-0.183983,-1.18747,1.18747,-0.183983,-1.48904,0.826355,-0.183983,-1.71594,0.423803,-0.183983,-1.8568,8.51402e-08,-0.183983,-1.90455,-0.423803,-0.183983,-1.8568,-0.826355,-0.183983,-1.71594,-1.18747,-0.183983,-1.48904,-1.48904,-0.183983,-1.18747,-1.71594,-0.183983,-0.826355,-1.8568,-0.183983,-0.423803,-1.90455,-0.183983,-8.51402e-08,-1.8568,-0.183983,0.423803,-1.71594,-0.183983,0.826355,-1.48904,-0.183983,1.18747,-1.18747,-0.183983,1.48904,-0.826355,-0.183983,1.71594,-0.423803,-0.183983,1.8568,-2.83801e-08,-0.183983,1.90455,0.423803,-0.183983,1.8568,0.826355,-0.183983,1.71594,1.18747,-0.183983,1.48904,1.48904,-0.183983,1.18747,1.71594,-0.183983,0.826355,1.8568,-0.183983,0.423803,1.90455,-0.183983,6.60775e-18,1.8568,0.183983,-0.423803,1.71594,0.183983,-0.826355,-8.4258e-18,0.183983,-5.43527e-27,1.48904,0.183983,-1.18747,1.18747,0.183983,-1.48904,0.826355,0.183983,-1.71594,0.423803,0.183983,-1.8568,8.51402e-08,0.183983,-1.90455,-0.423803,0.183983,-1.8568,-0.826355,0.183983,-1.71594,-1.18747,0.183983,-1.48904,-1.48904,0.183983,-1.18747,-1.71594,0.183983,-0.826355,-1.8568,0.183983,-0.423803,-1.90455,0.183983,-8.51402e-08,-1.8568,0.183983,0.423803,-1.71594,0.183983,0.826355,-1.48904,0.183983,1.18747,-1.18747,0.183983,1.48904,-0.826355,0.183983,1.71594,-0.423803,0.183983,1.8568,-2.83801e-08,0.183983,1.90455,0.423803,0.183983,1.8568,0.826355,0.183983,1.71594,1.18747,0.183983,1.48904,1.48904,0.183983,1.18747,1.71594,0.183983,0.826355,1.8568,0.183983,0.423803,1.90455,0.183983,6.60775e-18]},"normal":{"type":"float32","components":3,"data":[0.974928,0,-0.222522,0.974928,0,-0.222522,0.900969,0,-0.433884,0.900969,0,-0.433884,0.781831,0,-0.62349,0.781831,0,-0.62349,0.62349,0,-0.781831,0.62349,0,-0.781831,0.433884,0,-0.900969,0.433884,0,-0.900969,0.222521,0,-0.974928,0.222521,0,-0.974928,0,0,-1,0,0,-1,-0.222521,0,-0.974928,-0.222521,0,-0.974928,-0.433884,0,-0.900969,-0.433884,0,-0.900969,-0.62349,0,-0.781832,-0.62349,0,-0.781832,-0.781831,0,-0.62349,-0.781831,0,-0.62349,-0.900969,0,-0.433884,-0.900969,0,-0.433884,-0.974928,0,-0.222521,-0.974928,0,-0.222521,-1,0,-1.36871e-07,-1,0,-1.36871e-07,-0.974928,0,0.222521,-0.974928,0,0.222521,-0.900969,0,0.433884,-0.900969,0,0.433884,-0.781832,0,0.62349,-0.781832,0,0.62349,-0.62349,0,0.781831,-0.62349,0,0.781831,-0.433884,0,0.900969,-0.433884,0,0.900969,-0.222521,0,0.974928,-0.222521,0,0.974928,7.60392e-09,0,1,7.60392e-09,0,1,0.222521,0,0.974928,0.222521,0,0.974928,0.433884,0,0.900969,0.433884,0,0.900969,0.62349,0,0.781832,0.62349,0,0.781832,0.781831,0,0.62349,0.781831,0,0.62349,0.900969,0,0.433884,0.900969,0,0.433884,0.974928,0,0.222521,0.974928,0,0.222521,1,0,-8.40234e-07,1,0,-8.40234e-07,0.974928,0,-0.222522,0.974928,0,-0.222522,0,-1,0,0,-1,-3.69226e-08,0,-1,2.2428e-09,0,-1,0,0,-1,1.84613e-08,0,-1,9.23066e-09,0,-1,-8.2851e-09,0,-1,9.45561e-10,0,-1,1.84613e-08,0,-1,1.84613e-08,0,-1,0,0,-1,0,0,-1,0,0,-1,0,0,-1,0,0,-1,0,0,-1,3.69226e-08,0,-1,1.84613e-08,0,-1,-1.84613e-08,0,-1,0,0,-1,2.7617e-09,0,-1,2.7617e-09,0,-1,0,0,-1,1.84613e-08,0,-1,1.84613e-08,0,-1,0,0,-1,0,0,-1,0,0,-1,-3.69226e-08,0,1,-3.69226e-08,0,1,0,0,1,-9.24137e-10,0,1,0,0,1,0,0,1,-1.84613e-08,0,1,-1.84613e-08,0,1,-9.45561e-10,0,1,8.28509e-09,0,1,9.23066e-09,0,1,0,0,1,0,0,1,0,0,1,0,0,1,0,0,1,0,0,1,3.69226e-08,0,1,3.69226e-08,0,1,0,0,1,0,0,1,0,0,1,-2.7617e-09,0,1,-2.7617e-09,0,1,0,0,1,0,0,1,0,0,1,0,0,1,0,0,1,-3.69226e-08]},"texCoord0":{"type":"float32","components":2,"data":[0.0303921,0.488776,0.0303921,0.474308,0.0369573,0.488776,0.0369573,0.474308,0.0435225,0.488776,0.0435225,0.474308,0.0500876,0.488776,0.0500876,0.474308,0.0566528,0.474308,0.0566528,0.488776,0.0632179,0.488776,0.0632179,0.474308,0.0697831,0.474308,0.0697831,0.488776,0.0763482,0.488776,0.0763482,0.474308,0.0829135,0.488776,0.0829135,0.474308,0.0894786,0.488776,0.0894786,0.474308,0.0960438,0.474308,0.0960438,0.488776,0.102609,0.488776,0.102609,0.474308,0.109174,0.488776,0.109174,0.474308,0.115739,0.488776,0.115739,0.474308,0.122304,0.488776,0.122304,0.474308,0.12887,0.488776,0.12887,0.474308,0.135435,0.488776,0.135435,0.474308,0.142,0.488776,0.142,0.474308,0.148565,0.488776,0.148565,0.474308,0.15513,0.488776,0.15513,0.474308,0.161696,0.488776,0.161696,0.474308,0.168261,0.488776,0.168261,0.474308,0.174826,0.488776,0.174826,0.474308,0.181391,0.488776,0.181391,0.474308,0.187956,0.488776,0.187956,0.474308,0.194521,0.488776,0.194521,0.474308,0.201087,0.488776,0.201087,0.474308,0.207652,0.488776,0.207652,0.474308,0.214217,0.488776,0.214217,0.474308,0.22845,0.573584,0.236948,0.597867,0.124938,0.618837,0.214763,0.5518,0.196571,0.533608,0.174787,0.51992,0.150503,0.511423,0.124938,0.508542,0.0993722,0.511423,0.0750887,0.51992,0.0533048,0.533608,0.0351129,0.5518,0.0214251,0.573584,0.0129279,0.597867,0.0100474,0.623433,0.0129279,0.648998,0.0214251,0.673282,0.0351129,0.695066,0.0533048,0.713258,0.0750887,0.726945,0.0993723,0.735443,0.124938,0.738323,0.150503,0.735443,0.174787,0.726945,0.196571,0.713258,0.214763,0.695066,0.22845,0.673282,0.236948,0.648998,0.239828,0.623433,0.236948,0.891186,0.22845,0.91547,0.124938,0.861025,0.214763,0.937254,0.196571,0.955445,0.174787,0.969133,0.150503,0.97763,0.124938,0.980511,0.0993723,0.97763,0.0750887,0.969133,0.0533048,0.955445,0.0351129,0.937254,0.0214251,0.91547,0.0129279,0.891186,0.0100474,0.86562,0.0129279,0.840055,0.0214251,0.815771,0.0351129,0.793988,0.0533048,0.775796,0.0750887,0.762108,0.0993722,0.753611,0.124938,0.75073,0.150503,0.753611,0.174787,0.762108,0.196571,0.775796,0.214763,0.793988,0.22845,0.815771,0.236948,0.840055,0.239828,0.86562]}}],"meshes":[{"aabb":{"min":[-1.90455,-0.183983,-1.90455],"max":[1.90455,0.183983,1.90455]},"vertices":0,