{"model":{"version":3,"nodes":[{"name":"RootNode","position":[0,0,0],"rotation":[0,0,0],"scale":[0.01,0.01,0.01],"scaleCompensation":false},{"name":"move_panel","position":[0,139.18,-207.021],"rotation":[0,0,0],"scale":[467.694,59.9492,326.237],"scaleCompensation":false}],"parents":[-1,0],"skins":[],"morphs":[],"vertices":[{"position":{"type":"float32","components":3,"data":[0.5,0.5,0.5,-0.5,0.5,0.5,-0.5,-0.5,0.5,0.5,-0.5,0.5,0.5,0.5,0.5,0.5,0.5,-0.5,-0.5,0.5,0.5,-0.5,0.5,-0.5,0.5,0.5,0.5,0.5,-0.5,0.5,0.5,0.5,-0.5,0.5,-0.5,-0.5,-0.5,0.5,0.5,-0.5,-0.5,-0.5,-0.5,-0.5,0.5,-0.5,0.5,-0.5]},"normal":{"type":"float32","components":3,"data":[0,0,1,0,0,1,0,0,1,0,0,1,0,1,0,0,1,0,0,1,0,0,1,0,1,0,0,1,0,0,1,0,0,1,0,0,-1,0,0,-1,0,0,-1,0,0,-1,0,0]},"texCoord0":{"type":"float32","components":2,"data":[0.585725,0.514429,0.112315,0.514429,0.112315,0.427844,0.585725,0.427844,0.585725,0.514429,0.585725,0.98614,0.112315,0.514429,0.112316,0.98614,0.585725,0.514429,0.678285,0.514429,0.585725,0.98614,0.678285,0.98614,0.112315,0.514429,0.0163728,0.98614,0.0163728,0.514429,0.112316,0.98614]}}],"meshes":[{"aabb":{"min":[-0.5,-0.5,-0.5],"max":[0.5,0.5,0.5]},"vertices":0,"indices":[0,1,2,0,2,3,4,5,6,6,5,7,8,9,10,9,11,10,12,13,14,13,12,15],"type":"triangles","base":0,"count":24}],"meshInstances":[{"node":1,"mesh":0}]}}