{"model":{"version":3,"nodes":[{"name":"RootNode","position":[0,0,0],"rotation":[0,0,0],"scale":[0.01,0.01,0.01],"scaleCompensation":false},{"name":"coin_big1","position":[0,0,0],"rotation":[0,0,0],"scale":[1,1,1],"scaleCompensation":false}],"parents":[-1,0],"skins":[],"morphs":[],"vertices":[{"position":{"type":"float32","components":3,"data":[1.8568,0.183983,-0.423803,1.8568,-0.183983,-0.423803,1.71594,0.183983,-0.826355,1.71594,-0.183983,-0.826355,1.48904,0.183983,-1.18747,1.48904,-0.183983,-1.18747,1.18747,0.183983,-1.48904,1.18747,-0.183983,-1.48904,0.826355,-0.183983,-1.71594,0.826355,0.183983,-1.71594,0.423803,0.183983,-1.8568,0.423803,-0.183983,-1.8568,-4.76837e-07,-0.183983,-1.90455,-4.76837e-07,0.183983,-1.90455,-0.423804,-0.183983,-1.8568,-0.423804,0.183983,-1.8568,-0.826355,0.183983,-1.71594,-0.826355,-0.183983,-1.71594,-1.18747,-0.183983,-1.48904,-1.18747,0.183983,-1.48904,-1.48904,-0.183983,-1.18747,-1.48904,0.183983,-1.18747,-1.71594,0.183983,-0.826355,-1.71594,-0.183983,-0.826355,-1.8568,0.183983,-0.423804,-1.8568,-0.183983,-0.423804,-1.90455,0.183983,-3.23559e-07,-1.90455,-0.183983,-3.23559e-07,-1.8568,0.183983,0.423803,-1.8568,-0.183983,0.423803,-1.71594,0.183983,0.826355,-1.71594,-0.183983,0.826355,-1.48904,0.183983,1.18747,-1.48904,-0.183983,1.18747,-1.18747,0.183983,1.48904,-1.18747,-0.183983,1.48904,-0.826356,0.183983,1.71594,-0.826356,-0.183983,1.71594,-0.423804,0.183983,1.8568,-0.423804,-0.183983,1.8568,-4.76837e-07,0.183983,1.90455,-4.76837e-07,-0.183983,1.90455,0.423803,0.183983,1.8568,0.423803,-0.183983,1.8568,0.826355,0.183983,1.71594,0.826355,-0.183983,1.71594,1.18747,0.183983,1.48904,1.18747,-0.183983,1.48904,1.48904,0.183983,1.18747,1.48904,-0.183983,1.18747,1.71594,0.183983,0.826355,1.71594,-0.183983,0.826355,1.8568,0.183983,0.423803,1.8568,-0.183983,0.423803,1.90455,0.183983,-2.38419e-07,1.90455,-0.183983,-2.38419e-07,1.8568,0.183983,-0.423803,1.8568,-0.183983,-0.423803,1.71594,-0.183983,-0.826355,1.8568,-0.183983,-0.423803,-4.76837e-07,-0.183983,-2.38419e-07,1.48904,-0.183983,-1.18747,1.18747,-0.183983,-1.48904,0.826355,-0.183983,-1.71594,0.423803,-0.183983,-1.8568,-4.76837e-07,-0.183983,-1.90455,-0.423804,-0.183983,-1.8568,-0.826355,-0.183983,-1.71594,-1.18747,-0.183983,-1.48904,-1.48904,-0.183983,-1.18747,-1.71594,-0.183983,-0.826355,-1.8568,-0.183983,-0.423804,-1.90455,-0.183983,-3.23559e-07,-1.8568,-0.183983,0.423803,-1.71594,-0.183983,0.826355,-1.48904,-0.183983,1.18747,-1.18747,-0.183983,1.48904,-0.826356,-0.183983,1.71594,-0.423804,-0.183983,1.8568,-4.76837e-07,-0.183983,1.90455,0.423803,-0.183983,1.8568,0.826355,-0.183983,1.71594,1.18747,-0.183983,1.48904,1.48904,-0.183983,1.18747,1.71594,-0.183983,0.826355,1.8568,-0.183983,0.423803,1.90455,-0.183983,-2.38419e-07,1.8568,0.183983,-0.423803,1.71594,0.183983,-0.826355,-4.76837e-07,0.183983,-2.38419e-07,1.48904,0.183983,-1.18747,1.18747,0.183983,-1.48904,0.826355,0.183983,-1.71594,0.423803,0.183983,-1.8568,-4.76837e-07,0.183983,-1.90455,-0.423804,0.183983,-1.8568,-0.826355,0.183983,-1.71594,-1.18747,0.183983,-1.48904,-1.48904,0.183983,-1.18747,-1.71594,0.183983,-0.826355,-1.8568,0.183983,-0.423804,-1.90455,0.183983,-3.23559e-07,-1.8568,0.183983,0.423803,-1.71594,0.183983,0.826355,-1.48904,0.183983,1.18747,-1.18747,0.183983,1.48904,-0.826356,0.183983,1.71594,-0.423804,0.183983,1.8568,-4.76837e-07,0.183983,1.90455,0.423803,0.183983,1.8568,0.826355,0.183983,1.71594,1.18747,0.183983,1.48904,1.48904,0.183983,1.18747,1.71594,0.183983,0.826355,1.8568,0.183983,0.423803,1.90455,0.183983,-2.38419e-07]},"normal":{"type":"float32","components":3,"data":[0.974928,0,-0.222522,0.974928,0,-0.222522,0.900969,0,-0.433884,0.900969,0,-0.433884,0.781832,0,-0.62349,0.781832,0,-0.62349,0.62349,0,-0.781831,0.62349,0,-0.781831,0.433884,0,-0.900969,0.433884,0,-0.900969,0.222521,0,-0.974928,0.222521,0,-0.974928,1.90098e-07,0,-1,1.90098e-07,0,-1,-0.222521,0,-0.974928,-0.222521,0,-0.974928,-0.433884,0,-0.900969,-0.433884,0,-0.900969,-0.62349,0,-0.781831,-0.62349,0,-0.781831,-0.781831,0,-0.62349,-0.781831,0,-0.62349,-0.900969,0,-0.433884,-0.900969,0,-0.433884,-0.974928,0,-0.222521,-0.974928,0,-0.222521,-1,0,-2.85147e-07,-1,0,-2.85147e-07,-0.974928,0,0.222521,-0.974928,0,0.222521,-0.900969,0,0.433884,-0.900969,0,0.433884,-0.781832,0,0.62349,-0.781832,0,0.62349,-0.62349,0,0.781831,-0.62349,0,0.781831,-0.433884,0,0.900969,-0.433884,0,0.900969,-0.222521,0,0.974928,-0.222521,0,0.974928,-1.90098e-07,0,1,-1.90098e-07,0,1,0.222521,0,0.974928,0.222521,0,0.974928,0.433884,0,0.900969,0.433884,0,0.900969,0.62349,0,0.781831,0.62349,0,0.781831,0.781831,0,0.62349,0.781831,0,0.62349,0.900969,0,0.433884,0.900969,0,0.433884,0.974928,0,0.222521,0.974928,0,0.222521,1,0,-1.11778e-06,1,0,-1.11778e-06,0.974928,0,-0.222522,0.974928,0,-0.222522,0,-1,0,0,-1,0,0,-1,5.25393e-16,0,-1,0,0,-1,0,0,-1,9.23066e-09,0,-1,9.23066e-09,0,-1,0,0,-1,0,0,-1,-1.84613e-08,0,-1,-1.84613e-08,0,-1,0,0,-1,0,0,-1,0,0,-1,0,0,-1,-3.69226e-08,0,-1,6.03528e-15,0,-1,1.84613e-08,0,-1,1.05617e-14,0,-1,9.23065e-09,0,-1,-9.23065e-09,0,-1,0,0,-1,0,0,-1,1.84613e-08,0,-1,1.84613e-08,0,-1,0,0,-1,0,0,-1,0,0,-1,0,0,1,0,0,1,0,0,1,-1.31866e-09,0,1,0,0,1,-1.84613e-08,0,1,-1.84613e-08,0,1,0,0,1,0,0,1,9.23066e-09,0,1,9.23066e-09,0,1,0,0,1,0,0,1,0,0,1,0,0,1,0,0,1,-3.69226e-08,0,1,-3.01764e-15,0,1,-2.11235e-14,0,1,-1.84613e-08,0,1,0,0,1,-1.84613e-08,0,1,0,0,1,-9.23065e-09,0,1,-9.23065e-09,0,1,0,0,1,3.69226e-08,0,1,3.69226e-08,0,1,0,0,1,0]},"texCoord0":{"type":"float32","components":2,"data":[0.276606,0.488777,0.276606,0.474308,0.283171,0.488777,0.283171,0.474308,0.289736,0.488777,0.289736,0.474308,0.296301,0.488777,0.296301,0.474308,0.302866,0.474308,0.302866,0.488777,0.309432,0.488777,0.309432,0.474308,0.315997,0.474308,0.315997,0.488777,0.322562,0.474308,0.322562,0.488777,0.329127,0.488777,0.329127,0.474308,0.335692,0.474308,0.335692,0.488777,0.342257,0.474308,0.342257,0.488777,0.348823,0.488777,0.348823,0.474308,0.355388,0.488777,0.355388,0.474308,0.361953,0.488777,0.361953,0.474308,0.368518,0.488777,0.368518,0.474308,0.375083,0.488777,0.375083,0.474308,0.381648,0.488777,0.381648,0.474308,0.388214,0.488777,0.388214,0.474308,0.394779,0.488777,0.394779,0.474308,0.401344,0.488777,0.401344,0.474308,0.407909,0.488777,0.407909,0.474308,0.414474,0.488777,0.414474,0.474308,0.42104,0.488777,0.42104,0.474308,0.427605,0.488777,0.427605,0.474308,0.43417,0.488777,0.43417,0.474308,0.440735,0.488777,0.440735,0.474308,0.4473,0.488777,0.4473,0.474308,0.453865,0.488777,0.453865,0.474308,0.460431,0.488777,0.460431,0.474308,0.474664,0.573584,0.483161,0.597867,0.371151,0.618837,0.460976,0.5518,0.442784,0.533608,0.421,0.51992,0.396717,0.511423,0.371151,0.508542,0.345586,0.511423,0.321302,0.51992,0.299518,0.533608,0.281326,0.5518,0.267639,0.573584,0.259142,0.597867,0.256261,0.623433,0.259142,0.648998,0.267639,0.673282,0.281326,0.695066,0.299518,0.713258,0.321302,0.726945,0.345586,0.735443,0.371151,0.738323,0.396717,0.735443,0.421,0.726945,0.442784,0.713258,0.460976,0.695066,0.474664,0.673282,0.483161,0.648998,0.486042,0.623433,0.483161,0.891186,0.474664,0.91547,0.371151,0.861025,0.460976,0.937254,0.442784,0.955445,0.421,0.969133,0.396717,0.97763,0.371151,0.980511,0.345586,0.97763,0.321302,0.969133,0.299518,0.955445,0.281326,0.937254,0.267639,0.91547,0.259142,0.891186,0.256261,0.86562,0.259142,0.840055,0.267639,0.815771,0.281326,0.793988,0.299518,0.775796,0.321302,0.762108,0.345586,0.753611,0.371151,0.75073,0.396717,0.753611,0.421,0.762108,0.442784,0.775796,0.460976,0.793988,0.474664,0.815771,0.483161,0.840055,0.486042,0.86562]}}],"meshes":[{"aabb":{"min":[-1.90455,-0.183983,-1.90455],"max":[1.90455,0.183983,1.90455]},"vertices":0,