{"model":{"version":3,"nodes":[{"name":"RootNode","position":[0,0,0],"rotation":[0,0,0],"scale":[0.01,0.01,0.01],"scaleCompensation":false},{"name":"coin_small2","position":[0,0,0],"rotation":[0,0,0],"scale":[1,1,1],"scaleCompensation":false}],"parents":[-1,0],"skins":[],"morphs":[],"vertices":[{"position":{"type":"float32","components":3,"data":[1.2236,0.121242,-0.27928,1.2236,-0.121242,-0.27928,1.13078,0.121242,-0.544555,1.13078,-0.121242,-0.544555,0.981254,0.121242,-0.782524,0.981254,-0.121242,-0.782524,0.782524,-0.121242,-0.981254,0.782524,0.121242,-0.981254,0.544555,-0.121242,-1.13078,0.544555,0.121242,-1.13078,0.279279,-0.121242,-1.2236,0.279279,0.121242,-1.2236,-1.82313e-07,-0.121242,-1.25507,-1.82313e-07,0.121242,-1.25507,-0.27928,0.121242,-1.2236,-0.27928,-0.121242,-1.2236,-0.544555,-0.121242,-1.13078,-0.544555,0.121242,-1.13078,-0.782524,-0.121242,-0.981254,-0.782524,0.121242,-0.981254,-0.981254,-0.121242,-0.782524,-0.981254,0.121242,-0.782524,-1.13078,0.121242,-0.544555,-1.13078,-0.121242,-0.544555,-1.2236,0.121242,-0.27928,-1.2236,-0.121242,-0.27928,-1.25507,0.121242,0,-1.25507,-0.121242,0,-1.2236,0.121242,0.27928,-1.2236,-0.121242,0.27928,-1.13078,0.121242,0.544555,-1.13078,-0.121242,0.544555,-0.981254,0.121242,0.782524,-0.981254,-0.121242,0.782524,-0.782524,0.121242,0.981255,-0.782524,-0.121242,0.981255,-0.544555,0.121242,1.13078,-0.544555,-0.121242,1.13078,-0.27928,0.121242,1.2236,-0.27928,-0.121242,1.2236,-2.57121e-07,0.121242,1.25507,-2.57121e-07,-0.121242,1.25507,0.279279,0.121242,1.2236,0.279279,-0.121242,1.2236,0.544555,0.121242,1.13078,0.544555,-0.121242,1.13078,0.782524,0.121242,0.981255,0.782524,-0.121242,0.981255,0.981254,0.121242,0.782524,0.981254,-0.121242,0.782524,1.13078,0.121242,0.544555,1.13078,-0.121242,0.544555,1.2236,0.121242,0.27928,1.2236,-0.121242,0.27928,1.25507,0.121242,0,1.25507,-0.121242,0,1.2236,0.121242,-0.27928,1.2236,-0.121242,-0.27928,1.13078,-0.121242,-0.544555,1.2236,-0.121242,-0.27928,-2.38419e-07,-0.121242,0,0.981254,-0.121242,-0.782524,0.782524,-0.121242,-0.981254,0.544555,-0.121242,-1.13078,0.279279,-0.121242,-1.2236,-1.82313e-07,-0.121242,-1.25507,-0.27928,-0.121242,-1.2236,-0.544555,-0.121242,-1.13078,-0.782524,-0.121242,-0.981254,-0.981254,-0.121242,-0.782524,-1.13078,-0.121242,-0.544555,-1.2236,-0.121242,-0.27928,-1.25507,-0.121242,0,-1.2236,-0.121242,0.27928,-1.13078,-0.121242,0.544555,-0.981254,-0.121242,0.782524,-0.782524,-0.121242,0.981255,-0.544555,-0.121242,1.13078,-0.27928,-0.121242,1.2236,-2.57121e-07,-0.121242,1.25507,0.279279,-0.121242,1.2236,0.544555,-0.121242,1.13078,0.782524,-0.121242,0.981255,0.981254,-0.121242,0.782524,1.13078,-0.121242,0.544555,1.2236,-0.121242,0.27928,1.25507,-0.121242,0,1.2236,0.121242,-0.27928,1.13078,0.121242,-0.544555,-2.38419e-07,0.121242,0,0.981254,0.121242,-0.782524,0.782524,0.121242,-0.981254,0.544555,0.121242,-1.13078,0.279279,0.121242,-1.2236,-1.82313e-07,0.121242,-1.25507,-0.27928,0.121242,-1.2236,-0.544555,0.121242,-1.13078,-0.782524,0.121242,-0.981254,-0.981254,0.121242,-0.782524,-1.13078,0.121242,-0.544555,-1.2236,0.121242,-0.27928,-1.25507,0.121242,0,-1.2236,0.121242,0.27928,-1.13078,0.121242,0.544555,-0.981254,0.121242,0.782524,-0.782524,0.121242,0.981255,-0.544555,0.121242,1.13078,-0.27928,0.121242,1.2236,-2.57121e-07,0.121242,1.25507,0.279279,0.121242,1.2236,0.544555,0.121242,1.13078,0.782524,0.121242,0.981255,0.981254,0.121242,0.782524,1.13078,0.121242,0.544555,1.2236,0.121242,0.27928,1.25507,0.121242,0]},"normal":{"type":"float32","components":3,"data":[0.974928,0,-0.222522,0.974928,0,-0.222522,0.900969,0,-0.433884,0.900969,0,-0.433884,0.781832,0,-0.62349,0.781832,0,-0.62349,0.62349,0,-0.781832,0.62349,0,-0.781832,0.433884,0,-0.900969,0.433884,0,-0.900969,0.222521,0,-0.974928,0.222521,0,-0.974928,4.46507e-07,0,-1,4.46507e-07,0,-1,-0.222521,0,-0.974928,-0.222521,0,-0.974928,-0.433884,0,-0.900969,-0.433884,0,-0.900969,-0.62349,0,-0.781832,-0.62349,0,-0.781832,-0.781831,0,-0.62349,-0.781831,0,-0.62349,-0.900969,0,-0.433884,-0.900969,0,-0.433884,-0.974928,0,-0.222521,-0.974928,0,-0.222521,-1,0,0,-1,0,0,-0.974928,0,0.222521,-0.974928,0,0.222521,-0.900969,0,0.433884,-0.900969,0,0.433884,-0.781832,0,0.623489,-0.781832,0,0.623489,-0.62349,0,0.781831,-0.62349,0,0.781831,-0.433884,0,0.900969,-0.433884,0,0.900969,-0.222521,0,0.974928,-0.222521,0,0.974928,0,0,1,0,0,1,0.222521,0,0.974928,0.222521,0,0.974928,0.433883,0,0.900969,0.433883,0,0.900969,0.62349,0,0.781832,0.62349,0,0.781832,0.781832,0,0.62349,0.781832,0,0.62349,0.900969,0,0.433884,0.900969,0,0.433884,0.974928,0,0.222521,0.974928,0,0.222521,1,0,-6.39117e-07,1,0,-6.39117e-07,0.974928,0,-0.222522,0.974928,0,-0.222522,0,-1,-4.25121e-08,0,-1,-4.25121e-08,0,-1,-2.11245e-09,0,-1,0,0,-1,0,0,-1,1.0628e-08,0,-1,8.77885e-09,0,-1,-1.84918e-09,0,-1,0,0,-1,0,0,-1,0,0,-1,0,0,-1,-4.25121e-08,0,-1,-4.25121e-08,0,-1,0,0,-1,0,0,-1,0,0,-1,0,0,-1,0,0,-1,0,0,-1,-6.46896e-09,0,-1,4.15907e-09,0,-1,1.0628e-08,0,-1,0,0,-1,0,0,-1,0,0,-1,4.25121e-08,0,-1,4.25121e-08,0,-1,0,0,1,-4.25121e-08,0,1,-4.25121e-08,0,1,-1.68329e-09,0,1,0,0,1,0,0,1,2.12561e-08,0,1,2.12561e-08,0,1,1.84918e-09,0,1,1.24772e-08,0,1,1.0628e-08,0,1,0,0,1,0,0,1,-4.25121e-08,0,1,-4.25121e-08,0,1,0,0,1,0,0,1,0,0,1,0,0,1,0,0,1,0,0,1,-1.0628e-08,0,1,-4.15907e-09,0,1,-4.15906e-09,0,1,-1.0628e-08,0,1,0,0,1,0,0,1,4.25121e-08,0,1,4.25121e-08,0,1,0]},"texCoord0":{"type":"float32","components":2,"data":[0.528931,0.488777,0.528931,0.474308,0.535496,0.488777,0.535496,0.474308,0.542062,0.488777,0.542062,0.474308,0.548627,0.474308,0.548627,0.488777,0.555192,0.474308,0.555192,0.488777,0.561757,0.474308,0.561757,0.488777,0.568322,0.474308,0.568322,0.488777,0.574887,0.488777,0.574887,0.474308,0.581452,0.474308,0.581452,0.488777,0.588018,0.474308,0.588018,0.488777,0.594583,0.474308,0.594583,0.488777,0.601148,0.488777,0.601148,0.474308,0.607713,0.488777,0.607713,0.474308,0.614278,0.488777,0.614278,0.474308,0.620843,0.488777,0.620843,0.474308,0.627409,0.488777,0.627409,0.474308,0.633974,0.488777,0.633974,0.474308,0.640539,0.488777,0.640539,0.474308,0.647104,0.488777,0.647104,0.474308,0.653669,0.488777,0.653669,0.474308,0.660235,0.488777,0.660235,0.474308,0.6668,0.488777,0.6668,0.474308,0.673365,0.488777,0.673365,0.474308,0.67993,0.488777,0.67993,0.474308,0.686495,0.488777,0.686495,0.474308,0.693061,0.488777,0.693061,0.474308,0.699626,0.488777,0.699626,0.474308,0.706191,0.488777,0.706191,0.474308,0.712756,0.488777,0.712756,0.474308,0.726989,0.573584,0.735487,0.597867,0.623477,0.618837,0.713302,0.5518,0.69511,0.533608,0.673326,0.51992,0.649042,0.511423,0.623477,0.508542,0.597911,0.511423,0.573628,0.51992,0.551844,0.533608,0.533652,0.5518,0.519964,0.573584,0.511467,0.597867,0.508586,0.623433,0.511467,0.648998,0.519964,0.673282,0.533652,0.695066,0.551844,0.713258,0.573628,0.726945,0.597911,0.735443,0.623477,0.738323,0.649042,0.735443,0.673326,0.726945,0.69511,0.713258,0.713302,0.695066,0.726989,0.673282,0.735487,0.648998,0.738367,0.623433,0.735487,0.891186,0.726989,0.91547,0.623477,0.861025,0.713302,0.937254,0.69511,0.955445,0.673326,0.969133,0.649042,0.97763,0.623477,0.980511,0.597911,0.97763,0.573628,0.969133,0.551844,0.955445,0.533652,0.937254,0.519964,0.91547,0.511467,0.891186,0.508586,0.86562,0.511467,0.840055,0.519964,0.815771,0.533652,0.793988,0.551844,0.775796,0.573628,0.762108,0.597911,0.753611,0.623477,0.75073,0.649042,0.753611,0.673326,0.762108,0.69511,0.775796,0.713302,0.793988,0.726989,0.815771,0.735487,0.840055,0.738367,0.86562]}}],"meshes":[{"aabb":{"min":[-1.25507,-0.121242,-1.25507],"max":[1.25507,0.121242,1.25507]},"vertices":0,